archivo,integrante_1,integrante_2,integrante_3
equipo1.jpg,Martín,Valentín,
equipo2.jpg,Laza,Tomás,
equipo3.jpg,Thiago,Lara,
equipo4.jpg,Totti,Risu,
equipo5.jpg,Cori,Flor,Mica
equipo6.jpg,Risu,Thiago,
equipo7.jpg,Risu,Mica,
equipo8.jpg,Risu,Valentín,
equipo9.jpg,Risu,Laza,
equipo10.jpg,Risu,Lara,
equipo11.jpg,Risu,Martín,
equipo12.jpg,Risu,Cori,
equipo13.jpg,Risu,Flor,
equipo14.jpg,Risu,Tomás,
equipo15.jpg,Totti,Thiago,
equipo16.jpg,Totti,Mica,
equipo17.jpg,Totti,Valentín,
equipo18.jpg,Totti,Laza,
equipo19.jpg,Totti,Lara,
equipo20.jpg,Totti,Martín,
equipo21.jpg,Totti,Cori,
equipo22.jpg,Totti,Flor,
equipo23.jpg,Totti,Tomás,
equipo24.jpg,Thiago,Mica,
equipo25.jpg,Thiago,Valentín,
equipo26.jpg,Thiago,Laza,
equipo27.jpg,Thiago,Martín,
equipo28.jpg,Thiago,Cori,
equipo29.jpg,Thiago,Flor,
equipo30.jpg,Thiago,Tomás,
equipo31.jpg,Mica,Valentín,
equipo32.jpg,Mica,Laza,
equipo33.jpg,Mica,Lara,
equipo34.jpg,Mica,Martín,
equipo35.jpg,Mica,Cori,
equipo36.jpg,Mica,Flor,
equipo37.jpg,Mica,Tomás,
equipo38.jpg,Valentín,Laza,
equipo39.jpg,Valentín,Lara,
equipo40.jpg,Valentín,Cori,
equipo41.jpg,Valentín,Flor,
equipo42.jpg,Valentín,Tomás,
equipo43.jpg,Laza,Lara,
equipo44.jpg,Laza,Martín,
equipo45.jpg,Laza,Cori,
equipo46.jpg,Laza,Flor,
equipo47.jpg,Lara,Martín,
equipo48.jpg,Lara,Cori,
equipo49.jpg,Lara,Flor,
equipo50.jpg,Lara,Tomás,
equipo51.jpg,Martín,Cori,
equipo52.jpg,Martín,Flor,
equipo53.jpg,Martín,Tomás,
equipo54.jpg,Cori,Flor,
equipo55.jpg,Cori,Tomás,
equipo56.jpg,Flor,Tomás,
